1,458817.973,177480.162,4.026,B2.0X2   
2,458821.705,177481.977,3.958,B2.0X2   
3,458821.036,177484.693,3.973,KK       
4,458816.197,177482.19,3.933,KK       
5,458816.071,177482.431,3.346,-        
6,458814.125,177491.43,2.906,-        
7,458816.37,177492.042,2.942,-        
8,458825.544,177483.219,6.791,K        
9,458825.354,177485.477,5.924,A3       
10,458822.46,177492.392,5.723,A3       
11,458820.969,177497.23,5.593,A3       
12,458819.773,177501.25,5.521,A3       
13,458819.806,177505.649,5.425,A3       
14,458820.72,177505.863,5.486,A3       
15,458822.136,177506.15,4.963,A5       
16,458821.869,177502.857,4.894,A5       
17,458822.972,177498.529,4.887,A5       
18,458823.879,177495.903,4.983,A5       
19,458826.394,177495.226,4.995,A5       
20,458831.766,177495.7,4.987,A5       
21,458834.858,177496.451,4.985,A5       
22,458834.445,177495.07,5.293,A4       
23,458830.523,177492.189,5.532,A4       
24,458827.83,177490.691,5.602,A4       
25,458826.383,177488.597,5.754,A4       
26,458831.077,177491.275,5.809,A4       
27,458832.714,177492.007,5.845,A4       
28,458830.223,177489.566,6.03,A4       
29,458826.526,177486.79,5.897,A4       
30,458825.843,177485.771,6.051,A3       
31,458823.84,177490.992,5.779,A3       
32,458824.907,177491.252,5.441,A4       
33,458823.566,177494.561,5.396,A4       
34,458822.367,177495.062,5.566,A3       
35,458820.883,177500.204,5.564,A3       
36,458820.54,177502.269,5.52,A3       
37,458827.971,177494.406,5.189,A4       
38,458833.066,177495.334,5.213,A4       
39,458841.828,177500.913,4.958,A5       
40,458852.326,177508.059,4.953,A5       
41,458862.096,177514.115,4.943,A5       
42,458872.409,177519.999,4.939,A5       
43,458877.297,177522.092,4.972,A5       
44,458874.596,177518.613,5.628,A5       
45,458871.533,177514.581,6.511,A5       
46,458873.373,177513.073,6.47,A5       
47,458876.923,177516.98,5.579,A5       
48,458880.227,177520.389,5.136,A5       
49,458881.474,177521.663,4.987,A5       
50,458885.983,177523.147,4.97,A5       
51,458896.993,177529.129,4.96,A5       
52,458907.413,177534.492,4.931,A5       
53,458915.806,177539.002,4.979,A5       
54,458920.141,177541.457,4.919,A5       
55,458917.665,177545.202,4.975,A5       
56,458913.062,177550.499,4.936,A5       
57,458909.571,177554.154,4.957,A5       
58,458910.797,177555.551,5.062,A5       
59,458914.866,177550.728,5.095,A5       
60,458919.294,177545.714,5.073,A5       
61,458921.548,177541.208,5.089,A5       
62,458930.29,177545.765,5.078,A5       
63,458941.19,177551.226,5.093,A5       
64,458954.965,177558.237,5.071,A5       
65,458973.527,177567.971,5.043,A5       
66,458992.593,177577.644,5.09,A5       
67,458820.868,177484.908,3.346,-        
68,458817.988,177528.588,2.309,S        
69,458819.111,177528.048,2.15,-        
70,458819.723,177527.95,2.242,-        
71,458816.469,177518.727,2.619,-        
72,458815.432,177518.919,2.608,-        
73,458814.64,177519.786,2.764,S        
74,458811.895,177513.056,2.92,S        
75,458813.761,177513.539,2.619,-        
76,458815.336,177512.533,2.756,-        
77,458812.95,177511.984,2.649,-        
78,458814.188,177511.037,2.675,-        
79,458809.998,177507.666,2.813,S        
80,458810.991,177507.316,2.666,-        
81,458811.789,177506.918,2.648,-        
82,458808.991,177504.907,2.889,S        
83,458808.398,177503.475,2.939,S-1      
84,458807.364,177501.013,2.885,S-1      
85,458804.996,177497.794,2.971,S-1      
86,458802.3,177495.395,2.989,S-1      
87,458803.278,177493.234,2.988,S-1      
88,458805.481,177495.22,2.858,S-1      
89,458807.32,177497.159,2.85,S-1      
90,458810.119,177496.193,2.972,S-1      
91,458810.771,177497.774,2.876,S        
92,458811.356,177496.215,2.864,S        
93,458810.916,177496.472,2.869,S-1      
94,458811.438,177497.536,2.698,-        
95,458812.75,177497.952,2.686,-        
96,458812.172,177499.404,2.754,-        
97,458811.283,177499.451,2.688,-        
98,458815.341,177493.141,2.694,-        
99,458814.291,177493.096,2.731,-        
100,458815.336,177490.379,2.988,-        
101,458816.523,177490.573,3.105,-        
102,458816.068,177492.957,2.816,S        
103,458813.93,177497.426,2.874,S        
104,458811.963,177503.124,2.88,S        
105,458812.55,177504.968,2.838,S        
106,458811.649,177504.425,2.624,-        
107,458812.049,177505.763,2.649,-        
108,458814.545,177510.052,2.675,-        
109,458815.615,177497.761,3.506,3
110,458815.356,177501.212,3.461,3
111,458814.718,177504.54,3.217,3
112,458815.488,177508.114,3.118,3
113,458816.298,177509.864,2.943,3
114,458814.784,177509.535,2.864,S        
115,458816.336,177510.824,2.8,S        
116,458816.898,177515.467,2.691,S        
117,458819.984,177526.094,2.309,S        
118,458823.303,177534.079,2.394,S        
119,458825.216,177538.1,2.206,S        
120,458824.531,177538.393,1.944,-        
121,458827.357,177545.355,1.847,-        
122,458828.542,177545.187,2.157,S        
123,458830.41,177548.89,3.134,S        
124,458832.263,177554.702,2.219,S        
125,458832.251,177554.702,2.228,S        
126,458832.206,177555.359,2,-        
127,458832.21,177555.372,1.987,-        
128,458835.688,177560.911,2.104,-        
129,458835.909,177560.805,2.225,S        
130,458835.899,177560.813,2.224,S        
131,458836.735,177562.657,2.183,S        
132,458836.602,177563.047,2.167,S        
133,458833.132,177559.912,2.213,S        
134,458831.275,177557.456,2.147,S        
135,458830.751,177557.46,2.159,S        
136,458830.284,177558.509,2.167,S        
137,458831.855,177561.711,2.203,S        
138,458835.404,177564.978,2.167,S        
139,458831.562,177559.125,2.26,-        
140,458831.554,177559.098,2.235,-        
141,458833.121,177561.214,2.281,-        
142,458835.87,177563.841,2.259,-        
143,458836.97,177564.175,2.197,-        
144,458840.737,177565.659,2.269,-        
145,458843.325,177565.705,2.366,-        
146,458836.829,177561.136,2.389,A1       
147,458842.271,177562.423,2.469,A1       
148,458848.3,177563.421,2.397,A1       
149,458860.095,177565.604,2.282,A1       
150,458849.04,177575.481,2.154,-        
151,458849.654,177576.83,2.81,-        
152,458854.452,177575.886,2.976,-        
153,458848.134,177580.131,2.136,S        
154,458848.952,177579.783,2.615,-        
155,458851.963,177585.724,2.683,-        
156,458851.523,177586.66,2.097,S        
157,458857.849,177589.267,2.16,S        
158,458858.826,177587.051,3.028,-        
159,458867.681,177593.598,3.127,-        
160,458867.431,177595.888,2.139,s        
161,458889.318,177602.703,2.141,s        
162,458888.995,177600.84,2.881,-        
163,458908.408,177599.548,2.81,-        
164,458908.912,177601.903,2.119,S        
165,458924.323,177599.747,2.196,S        
166,458924.061,177597.992,2.536,0.1
167,458919.093,177594.771,2.777,0.1
168,458934.235,177598.759,2.136,S        
169,458934.598,177598.129,2.392,4
170,458948.873,177597.762,2.268,4
171,458948.762,177598.521,2.088,S        
172,458955.781,177599.713,2.114,S        
173,458955.932,177599.181,2.268,4
174,458966.66,177603.071,2.381,4
175,458966.275,177603.744,2.093,S        
176,458976.25,177606.842,2.047,S        
177,458980.187,177606.575,2.071,S        
178,458976.045,177605.744,2.567,4
179,458979.657,177605.786,2.6,4
180,458976.738,177604.389,2.715,4
181,458971.541,177602.78,2.474,4
182,458966.669,177601.315,2.453,4
183,458956.341,177597.297,2.297,4
184,458941.192,177591.368,2.251,4
185,458931.974,177587.156,2.231,4
186,458927.037,177598.043,2.458,4-       
187,458920.13,177593.823,2.442,4-       
188,458922.46,177583.132,2.268,4-       
189,458909.124,177578.629,2.319,4
190,458904.898,177588.048,2.347,4-       
191,458904.422,177589.649,2.691,-        
192,458889.829,177584.954,2.713,-        
193,458890.38,177582.999,2.36,4-       
194,458892.336,177572.846,2.318,4
195,458878.774,177569.756,2.326,4
196,458868.654,177567.499,2.248,4
197,458874.365,177578.082,2.421,4-       
198,458874.026,177579.188,2.714,-        
199,458864.263,177575.573,2.751,-        
200,458864.736,177573.542,2.333,4-       
201,458858.005,177572.597,2.298,4-       
202,458854.263,177574.705,2.302,4-       
203,458848.789,177575.665,2.169,4-       
204,458846.433,177570.396,2.327,4-       
205,458841.47,177564.993,2.321,4-       
206,458844.115,177570.742,2.184,S        
207,458962.283,177598.221,3.503,A3       
208,458974.492,177602.067,3.489,A3       
209,458984.474,177605.76,3.563,A3       
210,458823.106,177509.663,4.822,J1       
211,458821.938,177510.012,5.334,J2       
212,458821.116,177510.025,5.388,J3       
213,458822.938,177517.118,5.26,J3       
214,458824.074,177516.851,5.289,J2       
215,458825.78,177516.613,4.879,J1       
216,458827.863,177527.352,4.866,J1       
217,458826.584,177527.852,5.308,J2       
218,458825.903,177528.014,5.262,J3       
219,458829.452,177537.693,5.232,J3       
220,458830.239,177537.514,5.437,J2       
221,458831.295,177537.247,4.901,J1       
222,458833.366,177542.508,4.889,J1       
223,458835.896,177547.418,4.912,J1       
224,458838.312,177550.998,4.915,J1       
225,458840.43,177553.747,5.076,J1       
226,458842.855,177555.002,4.971,J1       
227,458848.028,177555.494,4.875,J1       
228,458831.568,177543.535,5.374,J3       
229,458832.328,177543.339,5.466,J2       
230,458834.992,177548.334,5.489,J2       
231,458834.066,177548.926,5.551,J3       
232,458836.641,177552.968,5.647,J3       
233,458837.196,177552.764,5.593,J2       
234,458840.468,177555.236,5.455,J2       
235,458840.143,177556.209,5.454,J3       
236,458842.301,177556.627,5.476,J3       
237,458842.412,177555.776,5.522,J2       
238,458841.986,177554.909,4.655,D500     
239,458840.892,177558.923,4.121,D500     
240,458847.85,177556.942,5.428,J2       
241,458847.562,177557.847,5.351,J3       
242,458866.569,177560.507,5.532,J3       
243,458866.616,177559.829,5.561,J2       
244,458866.857,177558.727,4.897,J1       
245,458838.189,177558.389,3.91,J4       
246,458843.324,177561.287,3.468,J4       
247,458852.384,177562.735,3.657,J4       
248,458860.997,177564.294,3.684,J4       
249,458869.355,177565.704,3.835,J4       
250,458880.589,177568.404,3.749,J4       
251,458898.116,177573.194,3.894,J4       
252,458906.524,177575.487,3.928,J4       
253,458917.142,177579.057,3.841,J4       
254,458930.343,177584.721,3.812,J4       
255,458944.314,177590.629,3.941,J4       
256,458872.887,177559.983,4.935,J1       
257,458872.685,177560.999,5.511,J2       
258,458872.416,177561.881,5.474,J3       
259,458886.996,177565.575,5.44,J3       
260,458887.228,177564.692,5.532,J2       
261,458887.458,177563.709,4.898,J1       
262,458898.011,177566.437,5.038,J1       
263,458899.359,177566.184,4.964,J1       
264,458901.919,177562.787,4.897,J1       
265,458904.058,177564.128,5.047,J1       
266,458901.966,177567.202,5.046,J1       
267,458902.331,177568.12,5.076,J1       
268,458905.556,177569.161,5.064,J1       
269,458908.232,177570.07,5.03,J1       
270,458911.48,177571.166,5.072,J1       
271,458898.867,177568.887,5.325,J3       
272,458901.384,177569.601,5.303,J3       
273,458906.101,177570.86,5.36,J3       
274,458910.577,177572.541,5.28,J3       
275,458898.544,177567.799,5.413,J2       
276,458899.274,177568.045,5.416,J2       
277,458902.19,177568.992,5.418,J2       
278,458906.441,177570.292,5.332,J2       
279,458910.976,177571.755,5.344,J2       
280,458906.572,177569.731,4.67,D500     
281,458905.442,177573.502,4.045,D500     
282,458922.167,177575.396,5.042,J1       
283,458921.975,177575.767,5.331,J2       
284,458921.763,177576.209,5.318,J3       
285,458930.77,177580.31,5.304,J3       
286,458931.009,177579.789,5.351,J2       
287,458931.271,177579.165,5.091,J1       
288,458947.603,177587.054,5.082,J1       
289,458947.269,177587.717,5.412,J2       
290,458947.029,177588.015,5.37,J3       
291,458945.505,177590.906,4.086,J4       
292,458962.731,177598.263,3.537,J4       
293,458963.644,177594.152,5.42,J3       
294,458963.783,177593.615,5.433,J2       
295,458963.965,177593.072,5.034,J1       
296,458983.751,177599.042,5.022,J1       
297,458983.589,177599.573,5.457,J2       
298,458983.325,177600.093,5.418,J3       
299,458843.697,177582.435,2.006,-        
300,458847.085,177588.964,1.908,-        
301,458855.006,177593.379,2.06,-        
302,458864.589,177600.001,2.009,-        
303,458889.726,177612.695,1.941,-        
304,458909.32,177611.894,1.919,-        
305,458925.116,177607.708,1.896,-        
306,458935.028,177606.72,1.837,-        
307,458949.555,177606.482,1.888,-        
308,458953.629,177605.315,1.814,-        
309,458964.84,177607.478,1.893,-        
310,458975.175,177609.642,1.747,-        
311,458979.78,177609.547,1.671,-        
312,458798.688,177502.327,5.152,A1       
313,458801.827,177507.146,5.171,A1       
314,458805.355,177514.794,5.151,A1       
315,458808.475,177523.753,5.127,A1       
316,458809.077,177523.653,5.337,A6       
317,458810.694,177523.026,5.334,A7       
318,458808.427,177515.575,5.329,A7       
319,458806.892,177516.206,5.372,A6       
320,458803.382,177508.989,5.373,A6       
321,458804.597,177508.328,5.347,A7       
322,458801.421,177501.578,5.415,A7       
323,458800.261,177502.184,5.491,A6       
324,458818.26,177571.841,2.325,-        
325,458819.394,177570.355,3.103,-        
326,458815.766,177559.258,2.675,A3       
327,458822.718,177559.331,2.945,A3       
328,458825.295,177557.374,2.89,A3       
329,458825.51,177555.129,2.763,A3       
330,458826.039,177555.228,2.677,A3-1     
331,458828.394,177561.559,2.6,A3-1     
332,458831.452,177567.169,2.749,A3-1     
333,458833.559,177570.287,2.724,A3-1     
334,458833.493,177571.498,2.561,A3-1     
335,458830.653,177571.35,2.807,A3-1     
336,458833.656,177572.262,2.356,-        
337,458835.15,177572.141,2.356,-        
338,458835.293,177570.892,2.163,S        
339,458840.955,177573.091,2.199,S        
340,458846.266,177582.198,2.154,S        
341,458854.19,177594.92,2.169,S        
342,458858.786,177600.571,2.131,S        
343,458859.175,177601.393,2.149,S        
344,458857.912,177601.387,2.149,S        
345,458843.479,177600.678,2.17,S        
346,458823.433,177548.26,2.175,S        
347,458822.493,177545.888,2.12,S        
348,458820.798,177538.125,2.198,S1.0-0.23
349,458820.798,177538.107,2.182,S        
350,458817.302,177526.278,2.371,S        
351,458816.276,177541.819,5.503,J3       
352,458815.26,177542.382,5.495,J2       
353,458813.944,177542.702,5.098,J1       
354,458814.604,177547.676,4.854,J1       
355,458814.381,177548.039,4.827,J1       
356,458812.862,177549.336,5.028,J1       
357,458810.514,177549.668,5.122,J1       
358,458814.493,177548.114,5.288,U0.4X0.4 
359,458814.822,177547.988,5.325,U0.4X0.4 
360,458817.635,177550.699,5.142,U0.4X0.4 
361,458817.343,177551.024,5.116,U0.4X0.4 
362,458817.885,177551.391,4.456,0.3
363,458820.984,177554.821,3.584,0.3
364,458821.332,177555.693,3.416,0.3
365,458820.38,177558.476,3.021,0.3
366,458816.014,177544.989,5.515,J2       
367,458815.645,177547.287,5.39,J2       
368,458821.125,177552.883,5.005,J2       
369,458820.253,177550.643,5.123,J2       
370,458818.394,177548.195,5.384,J2       
371,458817.142,177545.606,5.504,J2       
372,458814.884,177549.134,5.197,J2       
373,458814.529,177550.768,5.643,J2       
374,458810.225,177550.437,5.576,J2       
375,458819.528,177554.367,4.771,J3       
376,458817.612,177553.522,5.215,J3       
377,458815.61,177552.562,5.467,J3       
378,458810.079,177551.352,5.592,J3       
379,458818.105,177551.188,4.456,0.3
380,458821.204,177554.617,3.584,0.3
381,458821.616,177555.789,3.416,0.3
382,458820.664,177558.574,3.021,0.3
383,458858.865,177608.187,1.949,-        
384,458827.151,177546.786,1.775,-        
385,458826.211,177544.414,1.72,-        
386,458822.006,177537.628,1.982,-        
387,458919.771,177505.971,6.839,A1       
388,458924.521,177507.505,6.838,A1       
389,458932.724,177511.489,6.765,A1       
390,458938.535,177515.784,6.806,A1       
391,458945.179,177522.37,6.79,A1       
392,458948.126,177525.411,7.051,E        
393,458948.727,177525.229,6.831,A1       
394,458966.018,177535.106,6.952,A1       
395,458990.325,177546.282,6.831,A1       
396,458989.36,177546.562,6.916,E        
397,458916.669,177515.062,10.239,S1       
398,458916.466,177516.058,10.433,RO1      
399,458922.836,177519.389,10.432,RO1      
400,458923.513,177518.322,10.23,S1       
401,458933.198,177523.577,10.252,S1       
402,458932.73,177524.522,10.452,RO1      
403,458937.022,177527.227,10.417,S1       
404,458941.934,177532.897,10.427,S1       
405,458941.465,177533.826,10.522,RO1      
406,458939.54,177537.451,10.505,RO2      
407,458939.243,177538.142,10.459,S2       
408,458938.548,177540.652,9.357,HO       
409,458959.449,177551.496,9.361,HO       
410,458961.253,177549.376,10.467,S2       
411,458961.529,177548.935,10.498,RO2      
412,458963.347,177545.395,10.56,RO1      
413,458963.695,177544.577,10.431,S1       
414,458989.301,177557.731,10.39,S1       
415,458989.024,177558.614,10.501,RO1      
416,458987.377,177562.248,10.426,RO2      
417,458987.209,177562.817,10.403,S2       
418,458986.572,177565.216,9.356,HO       
419,458840.014,177471.177,7.927,...      
420,458845.452,177475.084,7.897,...      
421,458847.66,177472.408,7.707,...      
422,458848.229,177470.166,7.106,A16      
423,458873.989,177482.764,6.722,A17      
424,458884.398,177487.794,6.699,A17      
425,458890.889,177492.131,6.685,A17      
426,458899.757,177498.92,6.712,A17      
427,458909.021,177503.864,6.696,A17      
428,458910.749,177505.988,7.081,E        
429,458915.079,177505.255,6.73,A17      
430,458851.147,177474.605,7.191,A16      
431,458854.904,177478.701,7.429,A16      
432,458856.515,177475.495,7.254,A16      
433,458860.891,177477.156,6.878,A16      
434,458860.18,177479.082,7.702,A16      
435,458856.439,177480.012,7.55,A16      
436,458869.432,177483.869,7.869,E        
437,458867.702,177484.098,8.318,A22.     
438,458867.365,177484.58,8.384,A22      
439,458865.483,177486.905,8.398,A23      
440,458863.577,177488.092,8.455,A23..    
441,458870.496,177493.076,9.15,A23..    
442,458872.085,177492.074,9.063,A23      
443,458874.068,177489.853,9.135,A22      
444,458874.672,177489.348,9.084,A22.     
445,458881.869,177495.368,9.805,A22.     
446,458881.376,177496.103,9.901,A22      
447,458879.008,177497.942,9.861,A23      
448,458877.226,177497.983,9.856,A23..    
449,458879.965,177500.379,10.201,A23..    
450,458879.552,177501.097,10.425,A23..    
451,458880.863,177499.991,10.132,A23      
452,458880.929,177501.236,10.322,A23      
453,458880.173,177502.409,10.448,A23      
454,458879.343,177502.644,10.511,A23      
455,458879.168,177501.082,10.426,A23..    
456,458880.022,177494.846,9.751,A22      
457,458880.579,177494.247,9.7,A22.     
458,458886.955,177500.92,10.309,A22.     
459,458886.434,177501.589,10.349,A22      
460,458893.649,177509.1,10.517,A22      
461,458894.421,177508.372,10.476,A22.     
462,458906.225,177514.616,10.401,A22.     
463,458905.987,177515.525,10.501,A22      
464,458904.047,177519.387,10.5,A22      
465,458903.765,177520.021,10.46,A22.     
466,458877.174,177506.795,10.397,A22.     
467,458877.317,177506.096,10.488,A22      
468,458876.117,177508.285,9.3,HO5      
469,458865.416,177500.148,10.484,A22      
470,458865.088,177500.716,10.416,A22.     
471,458863.709,177499.349,10.492,A22.     
472,458863.69,177500.533,10.107,A22.     
473,458866.833,177504.738,8.838,A22.     
474,458870.735,177509.926,7.279,A22.     
475,458868.902,177511.753,7.275,A22.     
476,458864.792,177506.403,8.848,A22.     
477,458861.224,177501.323,10.224,A22.     
478,458857.721,177498.029,10.43,A22.     
479,458857.727,177496.412,10.458,A22      
480,458859.435,177492.654,10.523,A23      
481,458859.785,177491.897,10.461,A23.     
482,458843.855,177481.665,10.373,A23.     
483,458843.34,177482.271,10.454,A23      
484,458840.908,177485.393,10.453,A22      
485,458840.452,177486.043,10.391,A22.     
486,458837.586,177486.322,9.496,HO5555   
487,458825.238,177475.625,10.388,A22.     
488,458824.362,177474.154,10.49,A22      
489,458822.994,177473.454,10.513,A22      
490,458822.311,177473.673,10.628,TM       
491,458822.197,177474.988,9.661,BSJ      
492,458823.48,177475.725,9.652,BSJ      
493,458821.641,177479.182,9.633,BSJ      
494,458823.397,177480.128,9.638,BSJ      
495,458822.187,177482.412,9.623,BSJ      
496,458820.363,177478.473,9.605,BSJ      
497,458818.549,177477.645,9.639,BSJ      
498,458824.349,177469.657,10.491,A23      
499,458824.637,177468.883,10.4,A23      
500,458821.103,177473.515,10.388,-        
501,458817.339,177479.929,9.639,BSJ      
502,458853.493,177480.819,7.555,-        
503,458848.763,177477.293,7.291,-        
504,458902.707,177521.51,9.313,HO5      
505,458865.774,177503.188,9.311,HO       
506,458856.039,177499.292,9.499,HO       
507,458822.373,177475.906,9.444,HO5555   
508,459007.394,177585.257,5.07,A5       
509,459022.157,177592.812,5.119,A5       
510,459031.325,177597.54,5.097,A5       
511,459037.546,177600.488,5.123,A5       
512,459033.925,177604.015,5.095,A5       
513,459030.762,177606.768,5.096,A5       
514,459027.142,177609.239,5.1,A5       
515,459027.597,177610.012,5.193,A5       
516,459031.219,177608.073,5.202,A5       
517,459034.037,177605.913,5.201,A5       
518,459037.397,177602.924,5.15,A5       
519,459038.646,177601.314,5.21,A5       
520,459052.875,177608.588,5.252,A5       
521,459065.014,177614.952,5.248,A5       
522,459077.558,177622.423,5.252,A5       
523,459089.855,177629.925,5.223,A5       
524,459100.537,177636.801,5.136,A5       
525,459106.959,177640.12,5.229,A5       
526,459107.708,177641.898,5.135,A5       
527,459108.029,177643.983,5.183,A5       
528,459106.544,177648.009,5.167,A5       
529,459104.716,177652.681,5.172,A5       
530,459107.115,177653.629,5.079,A5       
531,459108.641,177649.443,5.062,A5       
532,459110.997,177644.197,5.124,A5       
533,459112.943,177640.08,5.18,A5       
534,459112.352,177639.663,5.392,A6       
535,459110.317,177638.411,5.629,A6       
536,459108.312,177635.768,6.013,A6       
537,459104.745,177631.434,6.884,A6       
538,459102.822,177632.885,6.899,A6       
539,459105.797,177636.732,6.097,A6       
540,459107.36,177639.165,5.593,A6       
541,459108.36,177640.993,5.423,A6       
542,459108.568,177643.02,5.265,A6       
543,459106.149,177649.803,5.252,A6       
544,459104.87,177652.947,5.304,A6       
545,459106.624,177653.731,5.276,A6       
546,459108.662,177648.357,5.224,A6       
547,459110.925,177642.977,5.264,A6       
548,459119.7,177643.17,5.067,A5       
549,459132.792,177649.705,5.088,A5       
550,459146.03,177656.728,5.104,A5       
551,459160.627,177664.104,5.065,A5       
552,459167.372,177667.741,5.034,A5       
553,459169.677,177668.723,5.093,A5       
554,459167.443,177673.637,5.022,A5       
555,459165.245,177678.639,5.061,A5       
556,459162.97,177685.31,5.101,A5       
557,459161.291,177690.795,5.128,A5       
558,459160.325,177695.242,5.116,A5       
559,459158.943,177698.254,5.116,A5       
560,459159.907,177698.924,5.088,A5       
561,459162.338,177693.618,5.089,A5       
562,459162.943,177692.669,5.126,A5       
563,459163.897,177692.068,5.1,A5       
564,459166.961,177693.189,5.066,A5       
565,459174.761,177694.183,5.051,A5       
566,459181.104,177695.618,5.083,A5       
567,459189.134,177698.425,5.093,A5       
568,459201.54,177703.409,5.073,A5       
569,459210.602,177707.255,5.038,A5       
570,459219.626,177711.6,5.104,A5       
571,459231.306,177717.543,5.046,A5       
572,459239.424,177721.892,5.05,A5       
573,459246.813,177726.183,5.015,A5       
574,459254.66,177731.706,4.996,A5       
575,459264.444,177739.383,5.042,A5       
576,459268.907,177742.87,5.005,A5       
577,459274.061,177746.273,5.063,A5       
578,459269.676,177752.495,5.065,A5       
579,459263.097,177761.056,5.074,A5       
580,459256.828,177770.015,5.018,A5       
581,459257.57,177770.58,4.988,A5       
582,459263.008,177763.025,5.063,A5       
583,459266.85,177757.844,5.037,A5       
584,459272.878,177750.219,5.064,A5       
585,459276.225,177746.526,5.01,A5       
586,459279.134,177743.302,5.009,A5       
587,459278.438,177742.888,4.981,A5       
588,459276.152,177745.091,5.068,A5       
589,459275.399,177745.85,5.066,A5       
590,459270.496,177742.793,5.066,A5       
591,459259.81,177734.759,5.045,A5       
592,459252.652,177729.21,5.04,A5       
593,459246.57,177725.068,5.03,A5       
594,459237.54,177719.929,5.04,A5       
595,459225.003,177713.403,5.038,A5       
596,459216.995,177709.276,5.03,A5       
597,459206.108,177704.383,5.056,A5       
598,459194.622,177699.616,5.045,A5       
599,459186.665,177696.371,5.068,A5       
600,459180.428,177694.376,5.056,A5       
601,459173.574,177693.045,5.105,A5       
602,459165.846,177691.296,5.046,A5       
603,459163.201,177690.558,5.081,A5       
604,459164.405,177685.074,5.094,A5       
605,459165.467,177680.935,5.07,A5       
606,459167.6,177675.447,5.022,A5       
607,459169.327,177672.094,5.038,A5       
608,459170.825,177669.696,5.059,A5       
609,459181.856,177675.178,5.039,A5       
610,459195.109,177682.056,5.048,A5       
611,459210.313,177689.909,5.069,A5       
612,459228.864,177699.393,5.011,A5       
613,459242.272,177706.424,5.019,A5       
614,459256.58,177713.789,5.071,A5       
615,459268.746,177719.893,5.038,A5       
616,459281.573,177726.451,5.026,A5       
617,459288.249,177729.696,5.081,A5       
618,459285.407,177734.535,5.009,A5       
619,459285.963,177735.591,4.971,A5       
620,459289.283,177730.199,4.985,A5       
621,458984.488,177607.164,2.181,S2       
622,458997.975,177611.915,2.202,S2       
623,459014.205,177620.494,2.124,S2       
624,459014.228,177620.555,1.642,A2       
625,459014.88,177620.446,1.727,A2       
626,459015.841,177619.883,2.278,A2       
627,459016.868,177620.16,2.306,A2       
628,459016.488,177621.315,1.78,A2       
629,459033.535,177631.207,2.117,S2       
630,459051.263,177640.74,1.921,-        
631,458992.424,177608.334,3.525,A3       
632,458998.644,177611.113,3.068,A3       
633,459003.974,177612.954,3.362,A3       
634,459010.4,177616.201,3.454,A3       
635,459015.15,177619.402,3.296,A3       
636,459016.525,177618.886,3.79,A3       
637,459017.455,177619.613,3.55,A3       
638,459017.079,177621.15,2.815,A3       
639,459020.14,177622.308,3.341,A3       
640,459020.097,177623.832,2.132,A2       
641,459021.279,177620.425,3.76,-        
642,459027.77,177627.671,3.211,A3       
643,459016.658,177613.448,5.09,J1       
644,459017.829,177613.946,5.205,J1       
645,459020.184,177612.586,5.172,J1       
646,459020.964,177613.43,5.216,J1       
647,459019.882,177614.65,5.24,J1       
648,459019.93,177615.364,5.203,J1       
649,459015.959,177613.58,5.349,J2       
650,459015.467,177614.227,5.317,J2-1     
651,459017.8,177615.569,5.313,J2-1     
652,459018.082,177614.623,5.348,J2       
653,459019.319,177615.365,5.318,J2       
654,459022.644,177617.496,5.402,J2       
655,459022.414,177618.095,5.417,J2-1     
656,459030.616,177622.521,5.482,J2-1     
657,459030.864,177622.193,5.396,J2       
658,459031.252,177621.73,5.193,J1       
659,459045.622,177629.145,5.159,J1       
660,459045.284,177629.619,5.385,J2       
661,459045.027,177630.328,5.433,J2-1     
662,459052.868,177634.581,5.505,J2-1     
663,459053.187,177634.086,5.494,J2       
664,459053.488,177633.372,5.131,J1       
665,459070.084,177642.864,5.092,J1       
666,459069.572,177643.466,5.428,J2       
667,459069.315,177643.855,5.496,J2-1     
668,459067.414,177648.835,3.576,A3       
669,459066.67,177649.684,1.99,-        
670,459067.231,177649.799,2.154,S2       
671,459089.194,177663.523,1.91,-        
672,459089.451,177662.826,3.316,A3       
673,459092.426,177658.095,5.536,J2-1     
674,459092.765,177657.586,5.537,J2       
675,459093.33,177656.938,5.096,J1       
676,459099.997,177662.4,5.112,J1       
677,459102.96,177657.263,5.123,J1       
678,459105.554,177658.049,5.06,J1       
679,459105.299,177660.897,5.015,J1       
680,459105.608,177662.107,4.939,J1       
681,459108.053,177664.82,5.033,J1       
682,459110.629,177666.907,5.015,J1       
683,459101.577,177664.958,5.487,J2-1     
684,459107.494,177669.532,5.488,J2-1     
685,459099.76,177663.026,5.376,J2       
686,459100.448,177663.431,5.425,J2       
687,459101.484,177661.978,5.272,J2       
688,459104.594,177659.681,5.257,J2       
689,459104.694,177662.179,5.418,J2       
690,459107.157,177665.661,5.549,J2       
691,459109.149,177667.489,5.552,J2       
692,459108.885,177666.434,4.506,D500     
693,459106.256,177669.424,4.755,D500     
694,459103.816,177673.152,3.524,A3       
695,459103.345,177674.233,2.159,-        
696,459126.591,177693.691,1.955,-        
697,459127.483,177692.924,3.507,A3       
698,459130.842,177689.794,5.594,J2-1     
699,459133.031,177687.588,5.532,J2       
700,459134.22,177686.818,5.02,J1       
701,459151.419,177706.71,5.04,J1       
702,459152.659,177707.458,5.11,J1       
703,459154.965,177704.24,5.019,J1       
704,459156.253,177705.264,5.056,J1       
705,459154.308,177708.087,5.068,J1       
706,459154.821,177709.353,5.03,J1       
707,459156.505,177713.326,5.087,J1       
708,459149.567,177711.609,5.597,J2-1     
709,459151.551,177714.096,5.645,J2-1     
710,459153.451,177716.654,5.647,J2-1     
711,459147.363,177703.692,5.556,J2       
712,459150.465,177707.553,5.573,J2       
713,459151.802,177708.83,5.548,J2       
714,459153.54,177711.229,5.619,J2       
715,459153.922,177711.901,5.6,J2       
716,459155.49,177713.96,5.693,J2       
717,459154.474,177711.419,4.724,D500     
718,459149.313,177714.876,4.418,D500     
719,459134.303,177699.189,3.85,A3       
720,459133.807,177699.947,2.388,A2       
721,459144.089,177711.682,2.537,A2       
722,459142.316,177705.941,4.747,A3       
723,459145.933,177709.682,5.007,A3       
724,459149.59,177715.928,4.59,A3       
725,459148.305,177717.888,2.368,A2       
726,459148.041,177718.335,2.1,S2       
727,459170.965,177734.529,4.994,J1       
728,459170.189,177735.391,5.69,J2       
729,459168.102,177737.459,5.596,J2-1     
730,459163.735,177740.131,3.478,A3       
731,459162.527,177740.662,2.069,A2       
732,459162.156,177740.636,2.067,S2       
733,459187.954,177757.198,4.915,J1       
734,459187.169,177758.046,5.505,J2       
735,459185.106,177760.083,5.588,J2-1     
736,459182.484,177762.137,3.811,A3       
737,459180.816,177762.442,2.333,A2       
738,459180.531,177762.603,2.031,S2       
739,459207.337,177778.46,4.965,J1       
740,459206.358,177779.493,5.534,J2       
741,459204.808,177781.498,5.556,J2-1     
742,459203,177784.179,3.732,A3       
743,459201.372,177785.478,2.068,S2       
744,459221.146,177791.122,4.944,J1       
745,459229.151,177796.716,5.011,J1       
746,459231.376,177797.298,4.972,J1       
747,459234.86,177796.867,4.96,J1       
748,459238.589,177792.774,4.924,J1       
749,459239.662,177793.347,4.943,J1       
750,459236.541,177798.03,4.963,J1       
751,459235.367,177800.242,4.955,J1       
752,459227.599,177797.455,5.61,J2       
753,459231.449,177799.405,5.517,J2       
754,459234.109,177800.967,5.535,J2       
755,459225.348,177799.501,5.467,J2-1     
756,459230.407,177802.441,5.498,J2-1     
757,459217.328,177797.554,3.597,A3       
758,459216.357,177800.12,2.074,S        
759,459225.618,177808.406,2.055,S10.0-0.1
760,459225.776,177804.742,3.163,A3       
761,459224.039,177806.198,2.775,A3-1     
762,459219.418,177801.285,2.957,A3-1     
763,459217.877,177799.405,3.143,A3-1-A3  
764,459217.875,177799.403,3.142,A3-1-A3  
765,459000,177604.775,4.997,J1       
766,458999.844,177605.406,5.379,J2       
767,458999.605,177605.791,5.346,J3       
768,459020.062,177615.517,5.173,-        
769,459023.932,177617.716,5.146,-        
770,459023.16,177616.98,4.921,D500     
771,459020.992,177620.352,4.388,D500     
772,459021.103,177620.363,3.673,-        
773,459056.29,177634.805,5.203,-        
774,459055.913,177635.482,5.569,-        
775,459055.597,177635.9,5.586,-        
776,458997.985,177611.981,1.761,-        
777,458984.081,177610.137,1.681,-        
778,459033.515,177631.26,1.934,-        
779,459051.289,177640.685,2.165,S2       
780,459089.273,177663.414,2.13,S2       
781,459103.423,177674.143,2.12,S2       
782,459126.701,177693.599,2.137,S2       
783,459196.937,177789.519,1.768,-        
784,459176.096,177766.643,1.731,-        
785,459214.635,177803.68,1.934,-        
786,459157.931,177743.311,1.767,-        
787,459143.816,177721.01,1.8,-        
788,459122.756,177696.899,1.725,-        
789,459100.724,177677.256,1.759,-        
790,459087.462,177668.213,1.71,-        
791,459063.373,177653.442,1.7,-        
792,459048.78,177646.202,1.621,-        
793,459031.855,177635.977,1.654,-        
794,458994.96,177615.961,1.661,-        
795,459012.616,177623.6,1.542,-        
796,459101.036,177661.755,5.112,-        
797,459018.117,177560.828,6.792,A1       
798,459032.625,177569.057,6.945,E        
799,459042.451,177573.048,6.66,A1       
800,459063.612,177584.483,6.613,A1       
801,459076.44,177591.87,6.813,E        
802,459087.369,177596.811,6.68,A1       
803,459111.591,177609.008,6.678,A1       
804,459121.308,177615.142,6.841,E        
805,459142.381,177625.891,6.776,A1       
806,459152.3,177630.974,6.846,A1       
807,459163.832,177634.704,6.819,A1       
808,459163.305,177635.641,7.293,E        
809,459171.151,177635.435,6.599,A1       
810,459178.622,177638.443,6.493,A1       
811,459186.953,177643.447,6.526,A1       
812,459193.557,177649.955,6.616,A1       
813,459196.862,177653.038,6.588,A1       
814,459208.007,177658.582,6.623,A1       
815,459206.848,177658.608,6.755,E        
816,459231.999,177671.114,6.47,A1       
817,459250.996,177681.208,6.442,A1       
818,459251.445,177681.91,6.562,E        
819,459260.248,177686.128,6.455,A1       
820,459284.304,177697.402,6.46,A1       
821,459295.6,177704.642,6.667,E        
822,459005.519,177575.243,9.357,HO       
823,459006.901,177573.168,10.299,S2       
824,459007.263,177572.543,10.347,RO2      
825,459008.922,177568.925,10.388,RO1      
826,459009.39,177568.007,10.255,S1       
827,459032.306,177579.642,10.191,S1       
828,459031.726,177580.711,10.411,RO1      
829,459029.897,177584.452,10.372,RO2      
830,459029.626,177585.06,10.238,S2       
831,459029.403,177587.124,9.355,HO       
832,459041.858,177593.474,9.347,HO       
833,459042.772,177591.73,10.315,S2       
834,459043.099,177591.183,10.358,RO2      
835,459045.066,177587.64,10.41,RO1      
836,459045.272,177586.992,10.37,S1       
837,459068.324,177598.589,10.285,S1       
838,459067.937,177599.718,10.385,RO1      
839,459066.165,177603.205,10.337,RO2      
840,459065.914,177603.801,10.219,S2       
841,459064.333,177605.357,9.342,HO       
842,459080.764,177614.399,9.357,HO       
843,459081.935,177612.2,10.332,S2       
844,459082.295,177611.463,10.399,RO2      
845,459084.036,177607.87,10.443,RO1      
846,459084.367,177607.127,10.358,S1       
847,459089.767,177615.225,10.405,RO2      
848,459089.297,177616.536,10.276,S2       
849,459091.529,177617.244,10.347,RO2      
850,459092.854,177619.533,10.266,RO2      
851,459096.096,177624.693,8.956,RO2      
852,459092.609,177622.472,8.945,HO       
853,459099.13,177628.428,7.97,RO2      
854,459101.188,177627.233,7.882,RO2      
855,459098.379,177623.218,9.034,RO2      
856,459095.941,177618.405,10.361,RO2      
857,459098.065,177614.855,10.361,RO1      
858,459098.502,177614.044,10.215,S1       
859,459100.131,177621.39,10.251,S2       
860,459099.995,177620.42,10.331,RO2      
861,459109.857,177625.619,10.286,RO2      
862,459109.565,177626.182,10.157,S2       
863,459108.812,177627.96,9.298,HO       
864,459112.165,177622.134,10.272,RO1      
865,459112.516,177621.409,10.217,S1       
866,459140.201,177635.29,10.065,S1       
867,459139.671,177636.3,10.282,RO1      
868,459137.931,177639.99,10.26,RO2      
869,459137.469,177640.881,9.978,S2       
870,459137.737,177642.106,9.408,HO       
871,459154.431,177643.846,10.315,RO1      
872,459154.951,177642.646,10.21,S1       
873,459166.371,177643.469,10.199,S1       
874,459165.513,177644.465,10.308,RO1      
875,459183.523,177653.956,10.301,RO1      
876,459183.998,177653.255,10.182,S1       
877,459190.879,177661.391,10.16,S1       
878,459190.098,177662.281,10.325,RO1      
879,459188.084,177665.821,10.276,RO2      
880,459187.809,177666.488,10.15,S2       
881,459187.605,177668.666,9.348,HO       
882,459242.589,177697.458,9.351,HO       
883,459243.405,177695.102,10.24,S2       
884,459243.616,177694.649,10.44,RO2      
885,459245.842,177691.193,10.454,RO1      
886,459246.297,177690.339,10.407,S1       
887,459267.316,177701.299,10.426,S1       
888,459267.058,177702.394,10.507,RO1      
889,459265.369,177705.894,10.465,RO2      
890,459265.159,177706.546,10.374,S2       
891,459264.682,177708.101,9.414,HO       
892,459293.988,177723.052,9.38,HO       
893,459295.103,177721.83,10.371,S2       
894,459295.399,177721.375,10.44,RO2      
895,459297.091,177717.756,10.455,RO1      
896,459297.574,177716.506,10.303,S1       
